,titles,groups
1,Mahendra Singh Dhoni,1
2,Sachin Tendulkar,1
3,Saina Nehwal,1
4,Sardara Singh,1
5,Michael Phelps,1
6,The Prestige (film),2
7,Avatar (2009 film),2
8,Interstellar (film),2
9,Inception,2
10,Iron Man (2008 film),2
11,Paneer,3
12,Pizza,3
13,Biryani,3
14,Pasta,3
15,Roti,3
16,Bharatanatyam,4
17,Kuchipudi,4
18,Ballet,4
19,Yakshagana,4
20,Kathak,4
21,Harry Potter,2
22,Nancy Drew,5
23,Panchatantra,5
24,Ramayana,5
25,As You Like It,5
26,France,6
27,India,6
28,United States,6
29,Germany,6
30,Japan,6
